rok,kraj,rzeczywiste,przewidywane
2011,Albania,1.778,1.744668220238096
2012,Albania,1.694,1.6895833452380955
2013,Albania,1.839,1.8885595344516606
2014,Albania,2.091,2.0291947848124092
2015,Albania,1.626,1.7117510272366523
2016,Albania,1.572,1.667897634920635
2017,Albania,1.844,1.7973072656926399
2018,Albania,1.795,1.749267095238095
2019,Albania,1.712,1.7200913832972582
2020,Albania,1.694,1.7073868932178933
2021,Albania,1.803,1.8333036495310246
2022,Albania,1.591,1.590130867063492
2011,Algeria,3.38,3.396793514430014
2012,Algeria,3.602,3.5690386230158726
2013,Algeria,3.684,3.7054395716089483
2014,Algeria,3.888,3.862925904761902
2015,Algeria,4.006,3.9922510227411476
2016,Algeria,3.875,3.9013601444805217
2017,Algeria,3.964,3.9722826001220994
2018,Algeria,4.104,4.053262188311688
2019,Algeria,4.214,4.120939000000002
2020,Algeria,3.886,3.890494623015872
2021,Algeria,4.067,4.099954561341438
2022,Algeria,4.239,4.147727269660898
2011,Angola,0.966,0.9472249898989895
2012,Angola,1.03,1.030573603174603
2013,Angola,0.983,0.9757073928571423
2014,Angola,0.961,0.9744363115079362
2015,Angola,0.977,0.9824340892857143
2016,Angola,0.873,0.882544855339105
2017,Angola,0.781,0.817230454545455
2018,Angola,0.744,0.7719552919580415
2019,Angola,0.686,0.7033421289682543
2020,Angola,0.495,0.6170423452380952
2021,Angola,0.557,0.567351877705628
2022,Angola,0.592,0.5778063836580088
2011,Antigua and Barbuda,6.322,6.436932597222225
2012,Antigua and Barbuda,6.381,6.313103028138529
2013,Antigua and Barbuda,6.323,6.309476083694086
2014,Antigua and Barbuda,6.397,6.342610141233767
2015,Antigua and Barbuda,6.474,6.378231956709959
2016,Antigua and Barbuda,6.597,6.564521200396821
2017,Antigua and Barbuda,6.641,6.522505331349206
2018,Antigua and Barbuda,6.769,6.78532922023809
2019,Antigua and Barbuda,6.977,6.91300232142857
2020,Antigua and Barbuda,6.701,6.688263888888892
2021,Antigua and Barbuda,6.863,6.894926315476191
2022,Antigua and Barbuda,6.913,6.800815646825393
2011,Argentina,4.55,4.581003599025975
2012,Argentina,4.547,4.604066406565655
2013,Argentina,4.451,4.5182814720418465
2014,Argentina,4.382,4.495642731962482
2015,Argentina,4.412,4.487507745851371
2016,Argentina,4.328,4.354288257936506
2017,Argentina,4.224,4.287886300144297
2018,Argentina,4.087,4.09735821825397
2019,Argentina,4.012,4.047829345238097
2020,Argentina,3.643,3.76208045436508
2021,Argentina,4.197,4.250760321428571
2022,Argentina,4.047,3.9461699563492068
2011,Armenia,1.7,1.6303549202880447
2012,Armenia,1.967,1.8918337777777794
2013,Armenia,1.894,1.877443418831169
2014,Armenia,1.918,1.9179643849206351
2015,Armenia,1.872,1.8783884336080583
2016,Armenia,1.784,1.8311066127344866
2017,Armenia,1.899,1.9584605064935068
2018,Armenia,2.001,2.0158180833333335
2019,Armenia,2.164,2.182619978174603
2020,Armenia,2.351,2.3048871944444445
2021,Armenia,2.561,2.5124739444444457
2022,Armenia,2.672,2.602528261904763
2011,Australia,17.966,18.186248018273407
2012,Australia,17.722,18.17200203739317
2013,Australia,17.122,17.567780173756805
2014,Australia,16.639,17.023136878427128
2015,Australia,16.727,16.617514138528136
2016,Australia,16.838,16.60478997582973
2017,Australia,16.716,16.605563305194803
2018,Australia,16.512,16.581205805194806
2019,Australia,16.283,16.54526852344877
2020,Australia,15.481,16.384490163780654
2021,Australia,14.966,16.260214693542554
2022,Australia,14.659,13.997235235209244
2011,Austria,8.327,8.360418244227997
2012,Austria,7.977,8.139902164682548
2013,Austria,7.989,8.060873616522365
2014,Austria,7.506,7.381207180555554
2015,Austria,7.677,7.842731830266951
2016,Austria,7.693,7.678897595418468
2017,Austria,7.91,7.89198522023809
2018,Austria,7.529,7.506499662698416
2019,Austria,7.651,7.768033486111103
2020,Austria,6.97,7.018295375
2021,Austria,7.333,7.576593046536797
2022,Austria,6.78,6.67879466432179
2011,Azerbaijan,3.264,3.2740550714285708
2012,Azerbaijan,3.495,3.4032518111471877
2013,Azerbaijan,3.531,3.5151278174603187
2014,Azerbaijan,3.566,3.627881000180376
2015,Azerbaijan,3.556,3.540622238636365
2016,Azerbaijan,3.519,3.483122512445887
2017,Azerbaijan,3.481,3.466792086011212
2018,Azerbaijan,3.444,3.4441294123099118
2019,Azerbaijan,3.734,3.7143054801587327
2020,Azerbaijan,3.559,3.524688550685426
2021,Azerbaijan,3.742,3.7441543593073594
2022,Azerbaijan,3.999,3.922984351010099
2011,Bahrain,23.654,24.306831787698403
2012,Bahrain,22.365,24.174652601010095
2013,Bahrain,24.839,25.197434412698435
2014,Bahrain,23.59,24.207596565476184
2015,Bahrain,23.744,24.58442704563491
2016,Bahrain,22.129,24.118136033730153
2017,Bahrain,22.211,24.139723317460316
2018,Bahrain,21.833,24.104442095238095
2019,Bahrain,25.319,25.823626632936513
2020,Bahrain,25.238,24.798200515873017
2021,Bahrain,24.148,24.46314653174602
2022,Bahrain,24.668,24.876009126803766
2011,Bangladesh,0.362,0.3567272391636142
2012,Bangladesh,0.385,0.38548432142857153
2013,Bangladesh,0.414,0.4139686071428572
2014,Bangladesh,0.428,0.4233111695526695
2015,Bangladesh,0.483,0.45562765764790747
2016,Bangladesh,0.508,0.5055510977633477
2017,Bangladesh,0.534,0.5183138879870132
2018,Bangladesh,0.53,0.5312050496031749
2019,Bangladesh,0.575,0.5749217496392501
2020,Bangladesh,0.576,0.5743151504329007
2021,Bangladesh,0.588,0.5878822436868688
2022,Bangladesh,0.603,0.600737033549784
2011,Barbados,5.889,5.987057485930737
2012,Barbados,5.612,5.688774983946606
2013,Barbados,5.546,5.661863672799422
2014,Barbados,4.913,4.854886117784993
2015,Barbados,4.784,4.850717031385281
2016,Barbados,4.905,4.92541936850649
2017,Barbados,4.994,5.023815542748918
2018,Barbados,5.154,5.1170471360028875
2019,Barbados,4.95,4.88439901298701
2020,Barbados,4.457,4.553795402777777
2021,Barbados,4.218,4.25976015530303
2022,Barbados,4.658,4.66952145995671
2011,Belarus,6.477,6.492657807539683
2012,Belarus,6.614,6.5746105992063475
2013,Belarus,6.778,6.753324152777773
2014,Belarus,6.725,6.736858048881673
2015,Belarus,6.201,6.265228818903319
2016,Belarus,6.126,6.142263452380956
2017,Belarus,6.26,6.2757506468254
2018,Belarus,6.558,6.544706382936505
2019,Belarus,6.589,6.5381319186507945
2020,Belarus,6.323,6.372141823593074
2021,Belarus,6.579,6.588266617063491
2022,Belarus,6.227,6.207374458874459
2011,Belgium,9.526,9.79148938618326
2012,Belgium,9.227,9.15056761935287
2013,Belgium,9.213,9.324940098304474
2014,Belgium,8.66,8.751031557539687
2015,Belgium,8.987,9.038840642135636
2016,Belgium,8.808,8.819767047619044
2017,Belgium,8.727,8.833471558802307
2018,Belgium,8.772,8.815827790945164
2019,Belgium,8.685,8.671178366341989
2020,Belgium,7.908,7.977164400072151
2021,Belgium,8.204,8.222068078102446
2022,Belgium,7.638,7.606996878968256
2011,Belize,1.746,1.752211107295483
2012,Belize,1.413,1.4941634087301585
2013,Belize,1.384,1.470626569444445
2014,Belize,1.439,1.434089005591631
2015,Belize,1.923,1.792517374458874
2016,Belize,1.848,1.753071303571428
2017,Belize,1.787,1.8541462720057715
2018,Belize,1.735,1.7314502721861478
2019,Belize,1.994,1.9957178692279944
2020,Belize,1.672,1.6731319047619047
2021,Belize,1.754,1.854522799603176
2022,Belize,1.797,1.7969847063492055
2011,Benin,0.444,0.48339985479797953
2012,Benin,0.423,0.42578239682539687
2013,Benin,0.426,0.421865216269841
2014,Benin,0.433,0.4295056805555555
2015,Benin,0.468,0.44937353463203467
2016,Benin,0.454,0.43528837301587286
2017,Benin,0.461,0.4933590396825395
2018,Benin,0.458,0.495059119047619
2019,Benin,0.414,0.4064174761904764
2020,Benin,0.424,0.4380850941558441
2021,Benin,0.433,0.4379819175685423
2022,Benin,0.443,0.44166192550505046
2011,Bhutan,1.419,1.354338779761905
2012,Bhutan,1.603,1.510914116688867
2013,Bhutan,1.75,1.6514911911976922
2014,Bhutan,1.817,1.785616192460318
2015,Bhutan,1.936,1.9953884027777784
2016,Bhutan,2.086,2.0652954821428575
2017,Bhutan,2.186,2.1624386417887678
2018,Bhutan,2.214,2.1955386507936505
2019,Bhutan,2.046,2.064317918650793
2020,Bhutan,1.576,1.68833191576479
2021,Bhutan,1.876,1.985653116883117
2022,Bhutan,1.984,1.9973105438311691
2011,Bolivia,1.551,1.5189177673160175
2012,Bolivia,1.671,1.6292053740981234
2013,Bolivia,1.664,1.6361996118326123
2014,Bolivia,1.834,1.8028823988095235
2015,Bolivia,1.807,1.7794562619047625
2016,Bolivia,1.901,1.9552683656204906
2017,Bolivia,1.955,1.9467948796897536
2018,Bolivia,1.956,1.9482515773809528
2019,Bolivia,1.937,1.9254775873015866
2020,Bolivia,1.55,1.6027783264790763
2021,Bolivia,1.823,1.89444801569264
2022,Bolivia,1.945,1.9419481747835494
2011,Bosnia and Herzegovina,6.351,6.165032682539683
2012,Bosnia and Herzegovina,6.032,6.056842636724388
2013,Bosnia and Herzegovina,6.038,6.136497470057722
2014,Bosnia and Herzegovina,5.417,5.395018480158729
2015,Bosnia and Herzegovina,5.247,5.3967270001803715
2016,Bosnia and Herzegovina,6.258,5.924620011904761
2017,Bosnia and Herzegovina,6.461,6.406439569264069
2018,Bosnia and Herzegovina,6.519,6.430143951479078
2019,Bosnia and Herzegovina,6.22,6.187417598124098
2020,Bosnia and Herzegovina,6.314,6.284281835678211
2021,Bosnia and Herzegovina,6.554,6.539004833333336
2022,Bosnia and Herzegovina,6.472,6.479648076479073
2011,Botswana,1.943,1.9668943385642124
2012,Botswana,2.408,2.3743737896825405
2013,Botswana,2.645,2.5046762936507942
2014,Botswana,3.154,3.0056117315601067
2015,Botswana,2.459,2.7284722420634915
2016,Botswana,2.837,2.9091180853174605
2017,Botswana,3.117,2.9231605813492063
2018,Botswana,3.324,3.2876886329365074
2019,Botswana,3.21,3.180816319444446
2020,Botswana,2.617,2.9425498044733045
2021,Botswana,2.783,2.829523416125541
2022,Botswana,3.031,2.8936473630952384
2011,Brazil,2.365,2.2933496587301594
2012,Brazil,2.527,2.5181500535714303
2013,Brazil,2.678,2.599001950396827
2014,Brazil,2.781,2.8325462261488497
2015,Brazil,2.619,2.7955237442279928
2016,Brazil,2.42,2.7567304702380944
2017,Brazil,2.429,2.427624623015873
2018,Brazil,2.312,2.3465805303030307
2019,Brazil,2.298,2.3757344399350653
2020,Brazil,2.147,2.142230807539684
2021,Brazil,2.37,2.3590805555555545
2022,Brazil,2.283,2.3153645496031747
2011,Bulgaria,7.198,6.904341107142857
2012,Bulgaria,6.598,6.5154095339105345
2013,Bulgaria,5.862,6.035253388153515
2014,Bulgaria,6.253,6.324089798701302
2015,Bulgaria,6.705,6.588386831349205
2016,Bulgaria,6.362,6.315012394480518
2017,Bulgaria,6.706,6.746514331349207
2018,Bulgaria,6.193,6.221329756132754
2019,Bulgaria,6.049,6.136134473665228
2020,Bulgaria,5.274,5.342253972222226
2021,Bulgaria,6.16,6.041090069444444
2022,Bulgaria,6.876,6.374526247100125
2011,Burkina Faso,0.129,0.1349962346681097
2012,Burkina Faso,0.152,0.14515883279220787
2013,Burkina Faso,0.159,0.15883162391774902
2014,Burkina Faso,0.157,0.15650465551115553
2015,Burkina Faso,0.199,0.19753594047619064
2016,Burkina Faso,0.206,0.19578243620268612
2017,Burkina Faso,0.232,0.2310252988816741
2018,Burkina Faso,0.256,0.2531626996753248
2019,Burkina Faso,0.268,0.26426868650793656
2020,Burkina Faso,0.262,0.27007017063492067
2021,Burkina Faso,0.288,0.2878544482323233
2022,Burkina Faso,0.291,0.28827106944444436
2011,Cambodia,0.358,0.352812407814408
2012,Cambodia,0.373,0.3719222828144078
2013,Cambodia,0.371,0.3660969363275616
2014,Cambodia,0.435,0.4310697985209236
2015,Cambodia,0.524,0.47003692063492075
2016,Cambodia,0.671,0.6691441764069268
2017,Cambodia,0.752,0.7132751213924964
2018,Cambodia,0.856,0.8437383194444443
2019,Cambodia,1.13,1.0509850259740259
2020,Cambodia,1.255,1.2216758809523809
2021,Cambodia,1.224,1.2442037469336231
2022,Cambodia,1.213,1.245301865440117
2011,Cameroon,0.401,0.4171569583333335
2012,Cameroon,0.366,0.383753928751804
2013,Cameroon,0.367,0.3708253353174604
2014,Cameroon,0.398,0.40380466414141414
2015,Cameroon,0.433,0.4300483373015872
2016,Cameroon,0.425,0.42813827380952385
2017,Cameroon,0.397,0.41790800396825406
2018,Cameroon,0.397,0.3991440097402598
2019,Cameroon,0.377,0.37682703805916307
2020,Cameroon,0.371,0.36597427002164523
2021,Cameroon,0.362,0.3567639880952382
2022,Cameroon,0.354,0.34488839556277057
2011,Canada,16.288,16.301719298701297
2012,Canada,16.086,16.418642895923526
2013,Canada,16.11,16.42034226497114
2014,Canada,15.854,16.400882229256855
2015,Canada,15.655,16.37598077886003
2016,Canada,15.231,16.40749442370129
2017,Canada,15.395,16.328725796717166
2018,Canada,15.42,15.817601878066373
2019,Canada,15.325,15.796207003066376
2020,Canada,13.733,13.481774112193365
2021,Canada,13.977,14.062900166666653
2022,Canada,14.107,13.904159380952372
2011,Chad,0.1,0.09668853715728716
2012,Chad,0.132,0.12498771590909097
2013,Chad,0.152,0.14273388437950948
2014,Chad,0.154,0.15287944733044734
2015,Chad,0.161,0.15464408225108228
2016,Chad,0.158,0.15237838170163173
2017,Chad,0.15,0.1497310564574315
2018,Chad,0.148,0.15316713888888894
2019,Chad,0.138,0.14439109523809526
2020,Chad,0.137,0.14678689682539692
2021,Chad,0.15,0.152034626984127
2022,Chad,0.152,0.15407906150793654
2011,Chile,4.499,4.334671025793651
2012,Chile,4.545,4.5041007539682525
2013,Chile,4.621,4.647193761724386
2014,Chile,4.343,4.293623851010103
2015,Chile,4.531,4.609993914502165
2016,Chile,4.612,4.606128890692641
2017,Chile,4.533,4.579735057359306
2018,Chile,4.469,4.564119930375179
2019,Chile,4.791,4.7320349283910526
2020,Chile,4.139,4.189452702380954
2021,Chile,4.298,4.465402454365079
2022,Chile,4.385,4.387387120670996
2011,China,6.999,6.736633575396821
2012,China,7.132,6.965593486111109
2013,China,7.21,7.237225246031748
2014,China,7.188,7.2656198551587305
2015,China,7.061,7.232725277777783
2016,China,6.943,7.087136609126991
2017,China,7.08,7.044086704365079
2018,China,7.292,7.283018374999999
2019,China,7.526,7.495694559704184
2020,China,7.641,7.563812511363637
2021,China,7.911,7.803540942640695
2022,China,8.218,8.136921847402595
2011,Colombia,1.661,1.6632491111111107
2012,Colombia,1.721,1.7476574108669112
2013,Colombia,1.873,1.9015499684343442
2014,Colombia,1.977,2.0060437113997107
2015,Colombia,1.938,1.9044340595238083
2016,Colombia,1.931,1.9439882261904753
2017,Colombia,1.734,1.820489927308801
2018,Colombia,1.852,1.9610045683621933
2019,Colombia,1.983,2.007829384018758
2020,Colombia,1.823,1.8571957043650782
2021,Colombia,2.027,2.017940000901875
2022,Colombia,1.729,1.7806584543650785
2011,Comoros,0.214,0.201194517857143
2012,Comoros,0.226,0.2428853333333335
2013,Comoros,0.263,0.25475907070707093
2014,Comoros,0.232,0.22681466865079358
2015,Comoros,0.247,0.25368426984126985
2016,Comoros,0.277,0.26788620833333343
2017,Comoros,0.349,0.34490319841269845
2018,Comoros,0.37,0.3800383163780664
2019,Comoros,0.396,0.39806850901875923
2020,Comoros,0.461,0.4442295416666664
2021,Comoros,0.609,0.5490071547619049
2022,Comoros,0.637,0.6047252270923523
2011,Costa Rica,1.578,1.5763955555555562
2012,Costa Rica,1.547,1.513005172619047
2013,Costa Rica,1.608,1.6029694788961035
2014,Costa Rica,1.616,1.573039022546897
2015,Costa Rica,1.526,1.5118763095238095
2016,Costa Rica,1.609,1.5656621257215002
2017,Costa Rica,1.626,1.5562250820707069
2018,Costa Rica,1.607,1.591204299603175
2019,Costa Rica,1.532,1.5089128015873015
2020,Costa Rica,1.342,1.4045276507936502
2021,Costa Rica,1.515,1.5549561415945172
2022,Costa Rica,1.576,1.5842649918831169
2011,Cote d'Ivoire,0.284,0.28015706980519484
2012,Cote d'Ivoire,0.364,0.3488953086219339
2013,Cote d'Ivoire,0.404,0.400131966089466
2014,Cote d'Ivoire,0.404,0.3967946645021644
2015,Cote d'Ivoire,0.378,0.3886163475829727
2016,Cote d'Ivoire,0.461,0.451368212301587
2017,Cote d'Ivoire,0.449,0.42683464087301615
2018,Cote d'Ivoire,0.379,0.40118717261904785
2019,Cote d'Ivoire,0.374,0.3908094087301589
2020,Cote d'Ivoire,0.381,0.3822310652958155
2021,Cote d'Ivoire,0.461,0.44076400595238074
2022,Cote d'Ivoire,0.477,0.4544479365079366
2011,Croatia,4.816,4.854522478896103
2012,Croatia,4.473,4.567527000901876
2013,Croatia,4.337,4.392952960317461
2014,Croatia,4.183,4.199354914862916
2015,Croatia,4.253,4.3477201850649365
2016,Croatia,4.371,4.378173407287158
2017,Croatia,4.587,4.4813941605339105
2018,Croatia,4.396,4.303970702200576
2019,Croatia,4.47,4.579151190295817
2020,Croatia,4.267,4.20712697041847
2021,Croatia,4.434,4.434022771645021
2022,Croatia,4.501,4.460239795454547
2011,Cuba,2.573,2.754733250180375
2012,Cuba,2.608,2.8282447714646475
2013,Cuba,2.469,2.6226004592352092
2014,Cuba,2.425,2.4320398517316018
2015,Cuba,2.58,2.564030388888891
2016,Cuba,2.465,2.4487783080808083
2017,Cuba,2.183,2.299746990620491
2018,Cuba,2.05,2.1172867261904766
2019,Cuba,2.007,2.030420841269842
2020,Cuba,1.904,1.9329077034632027
2021,Cuba,2.027,2.032192899711399
2022,Cuba,2.103,2.1020811765873026
2011,Curacao,32.452,33.58608665241701
2012,Curacao,39.076,34.266557104797975
2013,Curacao,36.366,34.03497160119048
2014,Curacao,41.182,36.25675468650791
2015,Curacao,44.002,46.94250276388888
2016,Curacao,36.97,46.080916654761914
2017,Curacao,29.482,31.588731880952373
2018,Curacao,23.809,28.637688648809505
2019,Curacao,12.641,17.92481512133699
2020,Curacao,10.852,14.49245829166666
2021,Curacao,11.546,12.243352411796536
2022,Curacao,11.92,11.736403741522373
2011,Cyprus,6.797,7.0288374669913445
2012,Cyprus,6.231,6.3530829475108215
2013,Cyprus,5.556,5.747265038766791
2014,Cyprus,5.766,5.879291299422798
2015,Cyprus,5.701,5.582035386904757
2016,Cyprus,5.941,5.933330194444441
2017,Cyprus,5.955,5.9524603751803715
2018,Cyprus,5.764,5.8387180948773425
2019,Cyprus,5.693,5.727183363095233
2020,Cyprus,5.301,5.259825980339105
2021,Cyprus,5.276,5.344216640331888
2022,Cyprus,5.311,5.334832146284271
2011,Czechia,10.974,10.96274364610389
2012,Czechia,10.59,10.76864827597403
2013,Czechia,10.152,10.36549173015873
2014,Czechia,9.911,9.99209726785714
2015,Czechia,9.976,10.045893700396826
2016,Czechia,10.125,10.207687132936503
2017,Czechia,10.22,10.133110220238095
2018,Czechia,10.079,10.099730412698413
2019,Czechia,9.569,9.670412809829061
2020,Czechia,8.688,8.812388575396822
2021,Czechia,9.176,9.39709961886724
2022,Czechia,8.905,8.83722508928572
2011,Denmark,7.941,7.950773771103891
2012,Denmark,7.128,7.356777061507935
2013,Denmark,7.437,7.573784173520927
2014,Denmark,6.657,6.81064895707071
2015,Denmark,6.177,6.302873533896657
2016,Denmark,6.445,6.439145500541123
2017,Denmark,6.013,6.090426270743145
2018,Denmark,5.973,6.0695573966450205
2019,Denmark,5.323,5.375049328282829
2020,Denmark,4.853,4.879876693181819
2021,Denmark,5.055,5.138192114718615
2022,Denmark,4.929,4.875685912698413
2011,Djibouti,0.332,0.4914999527417025
2012,Djibouti,0.303,0.37340608297258343
2013,Djibouti,0.387,0.3818829393939393
2014,Djibouti,0.416,0.40961747619047645
2015,Djibouti,0.495,0.4600523928571427
2016,Djibouti,0.412,0.4094084107142861
2017,Djibouti,0.392,0.41793401190476226
2018,Djibouti,0.44,0.4409789404761903
2019,Djibouti,0.496,0.4606564464285714
2020,Djibouti,0.419,0.4213480674603178
2021,Djibouti,0.497,0.5303607083333336
2022,Djibouti,0.484,0.48668922655122626
2011,Dominica,2.175,2.345719855699856
2012,Dominica,2.385,2.4337895833333323
2013,Dominica,2.259,2.230531152777779
2014,Dominica,2.395,2.4268689408369415
2015,Dominica,2.497,2.4901120654761915
2016,Dominica,2.473,2.515824875000001
2017,Dominica,2.246,2.3419140977633477
2018,Dominica,2.418,2.4688902559523815
2019,Dominica,2.536,2.516991884920635
2020,Dominica,2.331,2.3915767763347766
2021,Dominica,2.398,2.456708426046176
2022,Dominica,2.466,2.459501993506494
2011,Dominican Republic,2.104,2.078641932539683
2012,Dominican Republic,2.076,2.058998547619048
2013,Dominican Republic,2.045,2.053627537698413
2014,Dominican Republic,2.061,2.063010896825396
2015,Dominican Republic,2.203,2.2265801149267395
2016,Dominican Republic,2.288,2.2662879662698407
2017,Dominican Republic,2.199,2.215335026695526
2018,Dominican Republic,2.338,2.339957521825396
2019,Dominican Republic,2.613,2.5346736150793663
2020,Dominican Republic,2.383,2.4037054291125557
2021,Dominican Republic,2.64,2.7227833257575758
2022,Dominican Republic,2.78,2.859459878385502
2011,Ecuador,2.511,2.5042672003968263
2012,Ecuador,2.408,2.449907446969697
2013,Ecuador,2.511,2.53203267857143
2014,Ecuador,2.729,2.731813966630591
2015,Ecuador,2.539,2.7862285544733036
2016,Ecuador,2.386,2.6360576199494945
2017,Ecuador,2.339,2.409139617604618
2018,Ecuador,2.255,2.3174446250000016
2019,Ecuador,2.312,2.2981906448412714
2020,Ecuador,1.851,1.929694025793651
2021,Ecuador,2.159,2.287105075396825
2022,Ecuador,2.36,2.3256989305555553
2011,El Salvador,1.062,1.0642442582972587
2012,El Salvador,1.053,1.050574244047619
2013,El Salvador,0.987,1.0018624794094795
2014,El Salvador,0.993,1.0019249563492063
2015,El Salvador,1.073,1.0665211607142862
2016,El Salvador,1.06,1.054439286768787
2017,El Salvador,0.956,0.9963047889332891
2018,El Salvador,1.037,1.0642101607142858
2019,El Salvador,1.227,1.2035387200854706
2020,El Salvador,0.984,0.9945804543650799
2021,El Salvador,1.115,1.1787279363553118
2022,El Salvador,1.26,1.2103268867521368
2011,Equatorial Guinea,4.885,4.615921031746029
2012,Equatorial Guinea,5.315,5.449409918831166
2013,Equatorial Guinea,6.068,5.641725938672436
2014,Equatorial Guinea,5.459,5.377819810425685
2015,Equatorial Guinea,4.821,4.76454227651515
2016,Equatorial Guinea,4.998,5.152467801226551
2017,Equatorial Guinea,4.362,4.429512323593076
2018,Equatorial Guinea,4.352,4.6430250496031755
2019,Equatorial Guinea,3.301,3.4978817757936516
2020,Equatorial Guinea,3.722,3.874394954365081
2021,Equatorial Guinea,4.03,3.933962763708513
2022,Equatorial Guinea,4.157,4.094465269841271
2011,Eritrea,0.193,0.18260927380952383
2012,Eritrea,0.2,0.19178057905982906
2013,Eritrea,0.185,0.18904264484126979
2014,Eritrea,0.184,0.19077194101731598
2015,Eritrea,0.18,0.18844682563270063
2016,Eritrea,0.177,0.18320974031524032
2017,Eritrea,0.176,0.17995031204906214
2018,Eritrea,0.193,0.19684197023809527
2019,Eritrea,0.199,0.19415382990620497
2020,Eritrea,0.195,0.19661752777777775
2021,Eritrea,0.203,0.2000653933982684
2022,Eritrea,0.211,0.20736898412698423
2011,Estonia,14.275,12.97585003409091
2012,Estonia,13.429,13.247122744047617
2013,Estonia,14.898,14.561744776695527
2014,Estonia,14.29,13.445567848665226
2015,Estonia,12.004,12.245466402777774
2016,Estonia,13.248,13.653403537878798
2017,Estonia,14.131,14.022824068362194
2018,Estonia,13.465,13.186689373015874
2019,Estonia,9.261,11.251181926587298
2020,Estonia,6.918,9.04742260119047
2021,Estonia,7.802,8.474468364357861
2022,Estonia,8.863,8.473902211580084
2011,Eswatini,0.859,0.8840628968253961
2012,Eswatini,0.988,1.006569014249639
2013,Eswatini,1.164,1.120098474206349
2014,Eswatini,0.671,0.8422153892496392
2015,Eswatini,0.744,0.9230662936507937
2016,Eswatini,0.889,0.850831319444444
2017,Eswatini,0.838,0.7702038564213562
2018,Eswatini,0.868,0.8720380734126988
2019,Eswatini,0.932,0.9227164980158733
2020,Eswatini,0.829,0.8144017996031743
2021,Eswatini,0.82,0.8265501418858922
2022,Eswatini,0.844,0.8534873968253968
2011,Ethiopia,0.079,0.08000682792207792
2012,Ethiopia,0.083,0.08111913095238096
2013,Ethiopia,0.099,0.09742332142857142
2014,Ethiopia,0.114,0.10889202182539685
2015,Ethiopia,0.121,0.11950110027472537
2016,Ethiopia,0.134,0.13884627056277055
2017,Ethiopia,0.133,0.13643100252525248
2018,Ethiopia,0.143,0.1399625503246753
2019,Ethiopia,0.148,0.15183167261904762
2020,Ethiopia,0.141,0.15009133730158727
2021,Ethiopia,0.147,0.156172125
2022,Ethiopia,0.135,0.14150470238095247
2011,Fiji,1.019,0.9486608728354975
2012,Fiji,0.993,1.0207310429015428
2013,Fiji,1.132,1.1317754168470417
2014,Fiji,1.286,1.220320674630925
2015,Fiji,1.592,1.5291523571428574
2016,Fiji,1.463,1.4067906859668107
2017,Fiji,1.583,1.6103384195665438
2018,Fiji,1.614,1.6148668652597395
2019,Fiji,1.65,1.6751732256493514
2020,Fiji,1.498,1.5021431706349206
2021,Fiji,1.187,1.343809732864357
2022,Fiji,1.51,1.4973649801587303
2011,Finland,10.513,10.170013227813849
2012,Finland,9.449,9.865845950577196
2013,Finland,9.509,9.645903621031742
2014,Finland,8.719,8.778650426587303
2015,Finland,8.065,8.361676444444441
2016,Finland,8.598,8.618393634740261
2017,Finland,8.107,8.094647851190478
2018,Finland,8.292,8.352155668831175
2019,Finland,7.687,7.84874775595238
2020,Finland,6.821,6.985933174603173
2021,Finland,6.825,7.26593798809524
2022,Finland,6.525,6.578197307539683
2011,France,5.572,5.621203238095238
2012,France,5.59,5.654553643578646
2013,France,5.591,5.573087090007216
2014,France,5.067,5.048760439213566
2015,France,5.116,5.2740895396825405
2016,France,5.155,5.1943661278860045
2017,France,5.183,5.232368400793653
2018,France,4.931,4.890803205988458
2019,France,4.812,4.847325143578645
2020,France,4.272,4.3555913243145765
2021,France,4.65,4.754814281746032
2022,France,4.456,4.329113196248196
2011,Gabon,3.057,3.0824990714285705
2012,Gabon,2.716,2.966169443362194
2013,Gabon,2.713,2.746891404220777
2014,Gabon,2.863,2.817692795995671
2015,Gabon,2.828,2.850306535714284
2016,Gabon,2.672,2.805178623376622
2017,Gabon,2.55,2.7624305723304468
2018,Gabon,2.515,2.749284209235209
2019,Gabon,2.473,2.454932310064936
2020,Gabon,2.427,2.4562273874458875
2021,Gabon,2.333,2.3691626037157287
2022,Gabon,2.379,2.4268294855699857
2011,Georgia,2.02,1.968064436688312
2012,Georgia,2.16,2.1284487783327775
2013,Georgia,2.108,2.1000824754689758
2014,Georgia,2.388,2.3182192895299134
2015,Georgia,2.582,2.5178814900793665
2016,Georgia,2.648,2.585424339285715
2017,Georgia,2.652,2.8128962667748914
2018,Georgia,2.606,2.7943368917748903
2019,Georgia,2.77,2.83624581976357
2020,Georgia,2.734,2.8318481791125523
2021,Georgia,2.838,2.8750423396464657
2022,Georgia,3.162,3.035469705808081
2011,Germany,9.95,9.889594468253966
2012,Germany,10.061,10.10337151388889
2013,Germany,10.263,10.234950390873012
2014,Germany,9.74,9.915203595238097
2015,Germany,9.757,9.867574043650793
2016,Germany,9.642,9.66468625595238
2017,Germany,9.441,9.481304794372294
2018,Germany,9.101,9.051697732142864
2019,Germany,8.481,8.616302813492062
2020,Germany,7.739,7.949898317460315
2021,Germany,8.101,8.252746601911971
2022,Germany,7.942,7.904153235209232
2011,Ghana,0.396,0.38551711002885986
2012,Ghana,0.473,0.446372101190476
2013,Ghana,0.46,0.4343201111111111
2014,Ghana,0.473,0.4936865416666667
2015,Ghana,0.508,0.5170725535714287
2016,Ghana,0.474,0.4878458854617604
2017,Ghana,0.414,0.48710428210678186
2018,Ghana,0.496,0.5300373472222225
2019,Ghana,0.525,0.5146229642857143
2020,Ghana,0.601,0.5943448210678214
2021,Ghana,0.632,0.6130234814213564
2022,Ghana,0.626,0.6320648154761908
2011,Greece,8.507,8.660780970238093
2012,Greece,8.272,8.343933986291487
2013,Greece,7.45,7.707638384199131
2014,Greece,7.219,7.354956644841267
2015,Greece,6.924,7.098212095238097
2016,Greece,6.622,6.72512300036075
2017,Greece,6.96,6.8792002380952395
2018,Greece,6.689,6.669676335317463
2019,Greece,6.133,6.279231011183262
2020,Greece,5.194,5.473571404581528
2021,Greece,5.438,5.683202694444446
2022,Greece,5.533,5.424092102633478
2011,Grenada,2.223,2.2639709453463213
2012,Grenada,2.371,2.351787827380952
2013,Grenada,2.647,2.555639305555556
2014,Grenada,2.119,2.1214999350649357
2015,Grenada,2.268,2.406456079365078
2016,Grenada,2.387,2.3874287976190485
2017,Grenada,2.539,2.518523490079366
2018,Grenada,2.66,2.5846674484127004
2019,Grenada,2.874,2.8126575144300148
2020,Grenada,2.488,2.7137332938311673
2021,Grenada,2.669,2.8055058795093792
2022,Grenada,2.928,2.8185999545454554
2011,Guatemala,0.742,0.7599655927128424
2012,Guatemala,0.752,0.7595976066017315
2013,Guatemala,0.812,0.808240369047619
2014,Guatemala,0.856,0.846386702380952
2015,Guatemala,0.967,0.9702420916305913
2016,Guatemala,1.016,0.9995232876984129
2017,Guatemala,1.026,1.0171779305555548
2018,Guatemala,1.089,1.0882932380952384
2019,Guatemala,1.126,1.119476605158731
2020,Guatemala,0.988,1.0364882857142856
2021,Guatemala,1.136,1.1566930119047618
2022,Guatemala,1.06,1.0426660245310244
2011,Guinea-Bissau,0.068,0.06601263690476201
2012,Guinea-Bissau,0.069,0.06545037103174609
2013,Guinea-Bissau,0.084,0.08171929022366524
2014,Guinea-Bissau,0.082,0.08071953769841274
2015,Guinea-Bissau,0.086,0.08681326587301592
2016,Guinea-Bissau,0.092,0.08938306746031754
2017,Guinea-Bissau,0.098,0.0974147480158731
2018,Guinea-Bissau,0.103,0.10081764303751806
2019,Guinea-Bissau,0.13,0.12384451948051954
2020,Guinea-Bissau,0.155,0.14510833279220792
2021,Guinea-Bissau,0.166,0.16203424891774895
2022,Guinea-Bissau,0.164,0.15980678105228108
2011,Guyana,2.622,2.7272657070707074
2012,Guyana,2.622,2.8123262552308796
2013,Guyana,2.535,2.8093816718975466
2014,Guyana,2.618,2.8255438266594513
2015,Guyana,2.588,2.791476124278498
2016,Guyana,2.893,2.875168708874459
2017,Guyana,2.808,2.856583968614718
2018,Guyana,2.93,2.93244148989899
2019,Guyana,3.275,3.3160984047619046
2020,Guyana,3.839,3.6762117797619043
2021,Guyana,3.596,3.50691986038961
2022,Guyana,5.351,4.845528257936507
2011,Haiti,0.229,0.22279803373015877
2012,Haiti,0.225,0.22344712301587297
2013,Haiti,0.264,0.253650421897547
2014,Haiti,0.26,0.25651194841269853
2015,Haiti,0.252,0.25487265476190485
2016,Haiti,0.279,0.2809941210317461
2017,Haiti,0.29,0.2883611091269842
2018,Haiti,0.31,0.3066766994949493
2019,Haiti,0.281,0.2809965674603173
2020,Haiti,0.29,0.2926416031746031
2021,Haiti,0.308,0.30320120580808063
2022,Haiti,0.25,0.25474277633477643
2011,Honduras,1.037,1.0291999107142857
2012,Honduras,1.045,1.0446907835220332
2013,Honduras,1.049,1.0528167624458877
2014,Honduras,1.049,1.0545557079725831
2015,Honduras,1.18,1.152003505952381
2016,Honduras,1.056,1.0573300039682543
2017,Honduras,1.064,1.0750767750721502
2018,Honduras,1.011,1.0142566796536798
2019,Honduras,1.102,1.1133245753968257
2020,Honduras,0.986,1.0067915268759022
2021,Honduras,1.075,1.1110085892857142
2022,Honduras,1.122,1.1190215277777775
2011,Hungary,5.042,5.106980516025641
2012,Hungary,4.711,4.764221605158732
2013,Hungary,4.397,4.441814994949493
2014,Hungary,4.425,4.56993611904762
2015,Hungary,4.733,4.677555670274172
2016,Hungary,4.795,4.775939188311686
2017,Hungary,5.051,4.968233871031744
2018,Hungary,5.051,5.022882119047616
2019,Hungary,5.031,5.035210132936508
2020,Hungary,4.832,4.783621317460319
2021,Hungary,4.978,5.014546007936509
2022,Hungary,4.674,4.664518150793651
2011,Iceland,10.978,11.152541079725829
2012,Iceland,10.906,10.87460915241703
2013,Iceland,10.772,10.685384948412691
2014,Iceland,10.519,10.52210034668109
2015,Iceland,10.699,10.686112875
2016,Iceland,10.411,10.532940158730153
2017,Iceland,10.511,10.57633668253968
2018,Iceland,10.388,10.382746873015865
2019,Iceland,9.849,10.037561523809524
2020,Iceland,9.107,9.151464614357865
2021,Iceland,9.367,9.527978869588743
2022,Iceland,9.458,9.421434017857145
2011,India,1.4,1.3919029379509373
2012,India,1.507,1.4751241865079374
2013,India,1.54,1.5278696661255418
2014,India,1.637,1.6217727748917745
2015,India,1.681,1.7070475295815308
2016,India,1.75,1.7839222561050057
2017,India,1.784,1.8006445734126977
2018,India,1.888,1.9157436930014426
2019,India,1.88,1.8849544640498377
2020,India,1.727,1.8080689310411815
2021,India,1.892,1.9497072003968254
2022,India,1.986,1.977350210164835
2011,Indonesia,2.006,2.012505823051948
2012,Indonesia,2.041,2.0078724880952383
2013,Indonesia,1.929,1.9954636399711392
2014,Indonesia,1.924,1.9536131717171707
2015,Indonesia,2.105,2.0894358418109666
2016,Indonesia,2.071,2.0653881805555567
2017,Indonesia,2.136,2.1289084146825408
2018,Indonesia,2.25,2.253029688492065
2019,Indonesia,2.441,2.3867831785714286
2020,Indonesia,2.268,2.240336609126984
2021,Indonesia,2.287,2.3837550505050507
2022,Indonesia,2.719,2.582559738997115
2011,Iraq,3.841,3.81082790674603
2012,Iraq,3.983,3.988722729090354
2013,Iraq,4.016,3.9998753095238095
2014,Iraq,3.762,3.8146581444805205
2015,Iraq,3.795,3.886073612026861
2016,Iraq,3.981,3.990376807539682
2017,Iraq,4.257,4.203535484126987
2018,Iraq,4.623,4.543909261904759
2019,Iraq,4.656,4.662658545454544
2020,Iraq,4.086,4.192556966810968
2021,Iraq,4.484,4.547519386904761
2022,Iraq,4.939,4.843941418650796
2011,Ireland,8.31,8.521307964285713
2012,Ireland,8.309,8.32147163293651
2013,Ireland,8.061,8.111817420634926
2014,Ireland,7.911,8.016460210317456
2015,Ireland,8.233,8.210353864718606
2016,Ireland,8.492,8.4037979505772
2017,Ireland,8.116,8.225360936507942
2018,Ireland,7.988,8.057596289682536
2019,Ireland,7.54,7.537786909451657
2020,Ireland,7.035,7.174150506673881
2021,Ireland,7.452,7.657787775974025
2022,Ireland,7.177,7.185098750000002
2011,Israel,9.181,9.049973402597404
2012,Israel,9.83,9.716685184523808
2013,Israel,8.142,8.577845574314573
2014,Israel,7.633,7.797669502886006
2015,Israel,7.815,7.983970067099559
2016,Israel,7.45,7.418515365079367
2017,Israel,7.038,7.197924425324674
2018,Israel,7.049,7.25663606926407
2019,Israel,6.809,6.831705747835502
2020,Israel,6.737,6.795579555555557
2021,Israel,6.592,6.663746271103896
2022,Israel,6.84,6.85281853769841
2011,Italy,7.022,7.093524285714292
2012,Italy,6.665,6.67533217261905
2013,Italy,6.091,6.236304015151518
2014,Italy,5.759,5.904231789682541
2015,Italy,5.964,5.96476207142857
2016,Italy,5.922,5.8630930544733015
2017,Italy,5.84,5.835626071248198
2018,Italy,5.791,5.795433644841268
2019,Italy,5.648,5.648212192460315
2020,Italy,5.051,5.035729670634918
2021,Italy,5.624,5.5650088351370846
2022,Italy,5.705,5.49989376984127
2011,Jamaica,2.98,2.9111261998556994
2012,Jamaica,2.845,2.8298380712481963
2013,Jamaica,3.042,3.1073151919191924
2014,Jamaica,2.747,2.781271268217893
2015,Jamaica,2.843,2.8606785110028863
2016,Jamaica,2.895,2.8588617296176055
2017,Jamaica,2.759,2.8350200867604602
2018,Jamaica,2.858,2.891799064574317
2019,Jamaica,3.343,3.327321289682539
2020,Jamaica,2.425,2.697188853535353
2021,Jamaica,2.577,2.7994264500360755
2022,Jamaica,2.785,2.7970247007575777
2011,Japan,9.846,9.6691843531746
2012,Japan,10.178,9.984213136904756
2013,Japan,10.271,10.11520895833333
2014,Japan,9.886,9.998908297619048
2015,Japan,9.585,9.595965160298032
2016,Japan,9.436,9.462212136904755
2017,Japan,9.321,9.365412599386723
2018,Japan,8.971,8.964267222402606
2019,Japan,8.698,8.739189676587301
2020,Japan,8.213,8.321631339285716
2021,Japan,8.422,8.394270240259742
2022,Japan,8.237,8.24599498015873
2011,Jordan,2.862,2.836325314574314
2012,Jordan,3.172,3.20400755952381
2013,Jordan,3.011,3.054553035714286
2014,Jordan,2.976,3.0414324841269833
2015,Jordan,2.703,2.7249753059163053
2016,Jordan,2.493,2.687930892857143
2017,Jordan,2.548,2.764376454906206
2018,Jordan,2.43,2.4129668517316016
2019,Jordan,2.302,2.341640667207793
2020,Jordan,1.898,1.9448336051587303
2021,Jordan,1.915,2.003640869047619
2022,Jordan,1.992,1.967885158730159
2011,Kazakhstan,13.955,13.410317773809522
2012,Kazakhstan,14.172,13.609209378968247
2013,Kazakhstan,14.441,14.085108578282822
2014,Kazakhstan,16.79,15.624784917568533
2015,Kazakhstan,16.758,16.764274488095236
2016,Kazakhstan,16.431,16.79734177579365
2017,Kazakhstan,17.034,17.053623805555546
2018,Kazakhstan,17.408,17.1915399781746
2019,Kazakhstan,15.411,16.398501765873007
2020,Kazakhstan,14.464,16.142203612554113
2021,Kazakhstan,12.404,12.462712817460321
2022,Kazakhstan,13.694,13.680897373015867
2011,Kenya,0.286,0.2915322855339105
2012,Kenya,0.256,0.25927368109668103
2013,Kenya,0.27,0.2858048075396825
2014,Kenya,0.287,0.2899257797619047
2015,Kenya,0.323,0.31172766450216444
2016,Kenya,0.338,0.3307320295815295
2017,Kenya,0.329,0.3265090456349208
2018,Kenya,0.339,0.34383537805250297
2019,Kenya,0.355,0.3546473840048839
2020,Kenya,0.383,0.3754559036796536
2021,Kenya,0.387,0.3847977240259742
2022,Kenya,0.379,0.37355135912698434
2011,Kiribati,0.497,0.4938623336940834
2012,Kiribati,0.489,0.49106192297979767
2013,Kiribati,0.483,0.48566381944444453
2014,Kiribati,0.477,0.48456382539682524
2015,Kiribati,0.502,0.49744662301587317
2016,Kiribati,0.464,0.47617907178932145
2017,Kiribati,0.579,0.5452539880952384
2018,Kiribati,0.57,0.5622334444444445
2019,Kiribati,0.562,0.5767752536075036
2020,Kiribati,0.552,0.5662209063852814
2021,Kiribati,0.542,0.5657636444805196
2022,Kiribati,0.534,0.5588367635281388
2011,Kuwait,27.819,29.158011416666664
2012,Kuwait,30.327,30.290184361111102
2013,Kuwait,23.675,26.0846933095238
2014,Kuwait,20.458,23.64962541300366
2015,Kuwait,24.337,25.005347206349203
2016,Kuwait,25.979,25.027171547619076
2017,Kuwait,24.072,24.128785630952375
2018,Kuwait,23.697,24.399430916666656
2019,Kuwait,23.559,23.987948761724375
2020,Kuwait,20.477,23.57360019871796
2021,Kuwait,20.15,23.02496308730159
2022,Kuwait,25.242,23.22495178174602
2011,Latvia,3.791,3.5419914365079346
2012,Latvia,3.696,3.8853041976911964
2013,Latvia,3.661,3.566553615079363
2014,Latvia,3.597,3.5466559662698387
2015,Latvia,3.672,3.721799183441558
2016,Latvia,3.679,3.6529111886724364
2017,Latvia,3.714,3.7684134810606054
2018,Latvia,4.069,4.047296687229435
2019,Latvia,3.988,4.010149763888889
2020,Latvia,3.682,3.827901974206351
2021,Latvia,3.828,3.9125526922938154
2022,Latvia,3.513,3.5194304570707056
2011,Lebanon,3.976,4.01551647005772
2012,Lebanon,4.265,4.1837661805555575
2013,Lebanon,3.859,3.8394904424603182
2014,Lebanon,3.78,3.931138652777777
2015,Lebanon,3.975,3.996018998015873
2016,Lebanon,4.181,4.123427732142858
2017,Lebanon,4.516,4.4540343591269815
2018,Lebanon,4.313,4.244188601370851
2019,Lebanon,4.339,4.416866460858585
2020,Lebanon,4.155,4.1909116998557
2021,Lebanon,3.406,3.608365920634922
2022,Lebanon,2.674,2.8965625357142852
2011,Lesotho,1.37,1.3736522361111119
2012,Lesotho,1.372,1.3296494392135643
2013,Lesotho,1.033,1.113056672619048
2014,Lesotho,1.078,1.1838238436424688
2015,Lesotho,0.971,0.9790290293734044
2016,Lesotho,0.951,0.9633834444444449
2017,Lesotho,1.06,1.0443944523809525
2018,Lesotho,0.992,0.9646997837301583
2019,Lesotho,0.99,1.010113417929292
2020,Lesotho,0.888,0.9025446628787877
2021,Lesotho,1.369,1.141307275821401
2022,Lesotho,1.116,0.9139305180375181
2011,Libya,8.441,8.222920337481957
2012,Libya,9.97,9.766319704365074
2013,Libya,8.144,8.504104865981242
2014,Libya,10.634,10.006422361111108
2015,Libya,9.318,8.758257109126985
2016,Libya,8.652,8.86489509325396
2017,Libya,9.956,9.782336976190477
2018,Libya,9.146,8.859663184523805
2019,Libya,10.614,10.200978527236646
2020,Libya,5.125,7.588332883116884
2021,Libya,7.892,8.450177402056275
2022,Libya,8.164,7.5050636302308815
2011,Lithuania,4.609,4.482641498015874
2012,Lithuania,4.703,4.663950386544011
2013,Lithuania,4.444,4.389368649350649
2014,Lithuania,4.379,4.541998654761905
2015,Lithuania,4.489,4.544036483766235
2016,Lithuania,4.566,4.605659586940837
2017,Lithuania,4.693,4.659260323051948
2018,Lithuania,4.787,4.7648920252525215
2019,Lithuania,4.883,4.842540632395378
2020,Lithuania,4.829,4.8307804392135605
2021,Lithuania,4.93,4.934972261904762
2022,Lithuania,4.578,4.619551612012986
2011,Luxembourg,21.384,21.988575073412708
2012,Luxembourg,20.45,20.90650210714286
2013,Luxembourg,18.999,19.538560476190494
2014,Luxembourg,17.629,18.492981797008554
2015,Luxembourg,16.389,16.976183808080798
2016,Luxembourg,15.556,16.273506936147186
2017,Luxembourg,15.509,16.280409505050503
2018,Luxembourg,15.715,16.3615141598124
2019,Luxembourg,15.722,16.389355276875893
2020,Luxembourg,12.796,12.20259846139971
2021,Luxembourg,13.134,13.248723076659441
2022,Luxembourg,11.135,11.74735598412698
2011,Madagascar,0.102,0.09857593452380956
2012,Madagascar,0.113,0.10618203571428574
2013,Madagascar,0.127,0.12027342729492738
2014,Madagascar,0.12,0.1183911130952381
2015,Madagascar,0.123,0.13401463690476187
2016,Madagascar,0.125,0.12954445634920633
2017,Madagascar,0.142,0.13907430032467538
2018,Madagascar,0.131,0.13448262950937948
2019,Madagascar,0.147,0.1507583941197691
2020,Madagascar,0.131,0.13299865674603173
2021,Madagascar,0.143,0.15090026911976906
2022,Madagascar,0.138,0.13480402976190473
2011,Malaysia,6.977,6.942208388888892
2012,Malaysia,7.18,7.107481222222224
2013,Malaysia,8.009,7.903615238455988
2014,Malaysia,7.983,7.912423614177487
2015,Malaysia,7.554,7.58670251064213
2016,Malaysia,7.464,7.672633609126982
2017,Malaysia,7.555,7.558657254689755
2018,Malaysia,7.981,7.942764642135642
2019,Malaysia,8.303,8.204166702561317
2020,Malaysia,7.736,7.780053691350315
2021,Malaysia,7.973,8.141172231782098
2022,Malaysia,8.125,8.108025073051943
2011,Maldives,2.638,2.7554984754689764
2012,Maldives,2.87,2.816891312049063
2013,Maldives,2.738,2.791760645562769
2014,Maldives,3.189,3.1638120093795097
2015,Maldives,2.995,3.0135293373015877
2016,Maldives,3.232,3.2545411468253964
2017,Maldives,3.302,3.2758797801226542
2018,Maldives,3.671,3.6354573829365076
2019,Maldives,4.087,3.9756241058802284
2020,Maldives,3.342,3.427276523989899
2021,Maldives,3.869,3.9686953492063504
2022,Maldives,4.228,4.071475664502165
2011,Malta,6.142,6.113432571248196
2012,Malta,6.444,6.40335288293651
2013,Malta,5.671,5.623522907467533
2014,Malta,5.564,5.717997663239537
2015,Malta,3.815,4.264421619047619
2016,Malta,3.022,3.433808095238094
2017,Malta,3.285,3.576527646825397
2018,Malta,3.194,3.167213455808082
2019,Malta,3.272,3.2900599870129876
2020,Malta,3.089,3.1293500133477643
2021,Malta,3.073,3.1432960932539693
2022,Malta,3.359,3.2950791051587305
2011,Marshall Islands,2.611,2.774439128246753
2012,Marshall Islands,2.636,2.7990644972943723
2013,Marshall Islands,2.746,2.8075452038239543
2014,Marshall Islands,2.795,2.8335270128066377
2015,Marshall Islands,2.927,2.8649647067099586
2016,Marshall Islands,2.994,2.92453098394661
2017,Marshall Islands,3.149,3.1729798531746036
2018,Marshall Islands,3.235,3.2625249583333322
2019,Marshall Islands,3.329,3.3159548416305915
2020,Marshall Islands,3.43,3.3943675337301578
2021,Marshall Islands,3.541,3.5262590773809506
2022,Marshall Islands,3.702,3.727250186688311
2011,Mauritius,3.045,3.0887752162698434
2012,Mauritius,3.075,3.090158926587303
2013,Mauritius,3.15,3.1587004543650803
2014,Mauritius,3.256,3.268841885281385
2015,Mauritius,3.258,3.2499290579004336
2016,Mauritius,3.361,3.3759225782828257
2017,Mauritius,3.517,3.5216545476190477
2018,Mauritius,3.457,3.4171612169635903
2019,Mauritius,3.518,3.5544506051587303
2020,Mauritius,2.961,3.1050858614718613
2021,Mauritius,3.101,3.1547412976190468
2022,Mauritius,3.383,3.320460148809525
2011,Mexico,4.194,4.1695386686507945
2012,Mexico,4.293,4.238130774531026
2013,Mexico,4.186,4.215473121753246
2014,Mexico,4.041,4.02445576984127
2015,Mexico,3.96,4.008761327380955
2016,Mexico,3.917,3.982340902777778
2017,Mexico,3.763,3.859260471861473
2018,Mexico,3.76,3.7406880131673894
2019,Mexico,3.723,3.630213798881673
2020,Mexico,3.383,3.473875418470418
2021,Mexico,3.501,3.6175501567460286
2022,Mexico,3.528,3.5218804047619052
2011,Moldova,1.39,1.369089841269841
2012,Moldova,1.368,1.3188184563492067
2013,Moldova,1.437,1.3790864083694085
2014,Moldova,1.423,1.3616498333333331
2015,Moldova,1.456,1.400322708874459
2016,Moldova,1.516,1.4891239384920636
2017,Moldova,1.594,1.5232256884920636
2018,Moldova,1.697,1.5875178382034645
2019,Moldova,1.728,1.6831385755494508
2020,Moldova,1.666,1.6296495202020203
2021,Moldova,1.905,1.8943841448412697
2022,Moldova,1.702,1.6942665892857136
2011,Mongolia,7.784,6.219636049603176
2012,Mongolia,12.519,9.09941748611111
2013,Mongolia,15.245,13.335689523809533
2014,Mongolia,10.171,12.02847489087302
2015,Mongolia,7.821,9.9603188488456
2016,Mongolia,8.428,9.420532388888885
2017,Mongolia,10.997,9.898230730158728
2018,Mongolia,14.307,12.01023220544733
2019,Mongolia,14.578,13.890577485569986
2020,Mongolia,12.908,13.010497232142859
2021,Mongolia,10.771,11.624488226190467
2022,Mongolia,11.944,12.791853251803756
2011,Montenegro,3.805,3.3077621210317454
2012,Montenegro,3.493,3.512806250721499
2013,Montenegro,3.397,3.462131770562771
2014,Montenegro,3.337,3.3389944384920613
2015,Montenegro,3.564,3.5470495138888896
2016,Montenegro,3.228,3.2126972664141418
2017,Montenegro,3.392,3.505343835317459
2018,Montenegro,3.903,3.7806522321428555
2019,Montenegro,4.049,3.913041944624818
2020,Montenegro,3.954,3.9938420811688315
2021,Montenegro,3.993,4.033393743867244
2022,Montenegro,4.06,4.061487880772006
2011,Morocco,1.667,1.6520191092796097
2012,Morocco,1.707,1.7469450100732606
2013,Morocco,1.675,1.6920512777777785
2014,Morocco,1.672,1.7154927878510384
2015,Morocco,1.69,1.737828039835165
2016,Morocco,1.669,1.6969518670634924
2017,Morocco,1.724,1.7515600120573882
2018,Morocco,1.739,1.7560886688034187
2019,Morocco,1.898,1.9304538831168845
2020,Morocco,1.764,1.744710883297259
2021,Morocco,1.902,1.9470656587301587
2022,Morocco,1.869,1.870271714466089
2011,Mozambique,0.131,0.11948220869408369
2012,Mozambique,0.125,0.13407208982683977
2013,Mozambique,0.143,0.13963985588023095
2014,Mozambique,0.315,0.21401363095238113
2015,Mozambique,0.254,0.21609324007936512
2016,Mozambique,0.313,0.330506528860029
2017,Mozambique,0.245,0.2529915425685425
2018,Mozambique,0.242,0.27275474801587285
2019,Mozambique,0.237,0.24031207936507926
2020,Mozambique,0.206,0.20788839682539684
2021,Mozambique,0.244,0.2521561989538242
2022,Mozambique,0.285,0.263608812770563
2011,Myanmar,0.306,0.2954400984848484
2012,Myanmar,0.237,0.2548138120490621
2013,Myanmar,0.253,0.2863001706349206
2014,Myanmar,0.313,0.3232897797619048
2015,Myanmar,0.428,0.38558045923520906
2016,Myanmar,0.411,0.37854125595238103
2017,Myanmar,0.455,0.44488035606060594
2018,Myanmar,0.651,0.5680626091269843
2019,Myanmar,0.639,0.6325166576479077
2020,Myanmar,0.652,0.6756526467282721
2021,Myanmar,0.549,0.5878043053751801
2022,Myanmar,0.589,0.6114332126623377
2011,Namibia,1.298,1.3057743143939389
2012,Namibia,1.455,1.4287130337301588
2013,Namibia,1.334,1.3374822420634924
2014,Namibia,1.34,1.3916188262987004
2015,Namibia,1.429,1.4339789603035853
2016,Namibia,1.469,1.4660523899572653
2017,Namibia,1.432,1.3962660703463208
2018,Namibia,1.41,1.4017836477272723
2019,Namibia,1.407,1.3978504449855702
2020,Namibia,1.261,1.2978105476190478
2021,Namibia,1.284,1.329819127525252
2022,Namibia,1.181,1.2070954047619045
2011,Nepal,0.19,0.18707175396825398
2012,Nepal,0.199,0.1930881765873017
2013,Nepal,0.225,0.22479737626262655
2014,Nepal,0.274,0.2627132929292931
2015,Nepal,0.248,0.23813463492063502
2016,Nepal,0.361,0.3488534623015875
2017,Nepal,0.443,0.40458844137806627
2018,Nepal,0.5,0.4576367985209236
2019,Nepal,0.449,0.4837843843795093
2020,Nepal,0.54,0.533140293650794
2021,Nepal,0.525,0.5075267384559884
2022,Nepal,0.593,0.5985807615440116
2011,Netherlands,10.05,9.966822220238093
2012,Netherlands,9.799,9.919004947871572
2013,Netherlands,9.72,9.77282523412698
2014,Netherlands,9.249,9.297689711580087
2015,Netherlands,9.584,9.658496694444443
2016,Netherlands,9.579,9.494673021825394
2017,Netherlands,9.373,9.375584072691193
2018,Netherlands,9.085,9.0195895357143
2019,Netherlands,8.709,8.812788890873023
2020,Netherlands,7.766,7.922688689754689
2021,Netherlands,7.89,8.134100486291484
2022,Netherlands,7.121,7.048337218253969
2011,New Zealand,7.813,7.830505897907643
2012,New Zealand,8.142,8.108336243145736
2013,New Zealand,7.908,7.869341731240976
2014,New Zealand,7.827,7.86701467911255
2015,New Zealand,7.76,7.748259128607504
2016,New Zealand,7.24,7.19021409325397
2017,New Zealand,7.41,7.488591966089465
2018,New Zealand,7.282,7.435233378787876
2019,New Zealand,7.358,7.451010309343433
2020,New Zealand,6.728,6.881095309523813
2021,New Zealand,6.773,6.835996341269844
2022,New Zealand,6.229,6.298514808982684
2011,Nicaragua,0.823,0.8312350694444446
2012,Nicaragua,0.768,0.772707676226551
2013,Nicaragua,0.766,0.7932987582278831
2014,Nicaragua,0.778,0.7793696567460315
2015,Nicaragua,0.879,0.8530845257936507
2016,Nicaragua,0.863,0.8363119527417032
2017,Nicaragua,0.861,0.8636502460317463
2018,Nicaragua,0.809,0.8018913892496397
2019,Nicaragua,0.803,0.8184305212148959
2020,Nicaragua,0.707,0.7220303689921191
2021,Nicaragua,0.772,0.8098215694444445
2022,Nicaragua,0.762,0.7628430804473303
2011,Niger,0.076,0.0736804619408369
2012,Niger,0.104,0.09841795634920646
2013,Niger,0.112,0.10608327380952386
2014,Niger,0.117,0.11736216052003552
2015,Niger,0.11,0.11635032646520146
2016,Niger,0.104,0.11444177559940061
2017,Niger,0.105,0.1112914832112332
2018,Niger,0.081,0.08702787828837832
2019,Niger,0.11,0.10616754563492069
2020,Niger,0.128,0.12299759361471863
2021,Niger,0.106,0.10759071212121218
2022,Niger,0.126,0.12366727417027416
2011,Nigeria,0.736,0.6920967124819627
2012,Nigeria,0.625,0.6444131805555555
2013,Nigeria,0.648,0.6675415003607506
2014,Nigeria,0.667,0.6668166888528142
2015,Nigeria,0.58,0.6268739781746031
2016,Nigeria,0.596,0.6056480494227994
2017,Nigeria,0.562,0.5712284599567101
2018,Nigeria,0.521,0.5644964372294374
2019,Nigeria,0.61,0.6178157853535357
2020,Nigeria,0.584,0.5737509255050507
2021,Nigeria,0.676,0.6779922738095243
2022,Nigeria,0.589,0.6065825131673881
2011,North Macedonia,4.324,4.248210210317463
2012,North Macedonia,4.171,4.081571625180376
2013,North Macedonia,3.702,3.7793714761904766
2014,North Macedonia,3.587,3.622938327380949
2015,North Macedonia,3.393,3.422420658730159
2016,North Macedonia,3.368,3.4114349345238097
2017,North Macedonia,3.653,3.603736787698413
2018,North Macedonia,3.466,3.4220710183982668
2019,North Macedonia,4.018,3.9150841507936502
2020,North Macedonia,3.729,3.558172213023088
2021,North Macedonia,3.521,3.525210797799424
2022,North Macedonia,3.995,3.8801668849206354
2011,Norway,9.04,8.909174587301592
2012,Norway,8.819,8.915084517857139
2013,Norway,8.767,8.879058755230876
2014,Norway,8.754,8.818027987373737
2015,Norway,8.772,8.823027862373735
2016,Norway,8.539,8.594136922619043
2017,Norway,8.376,8.358872218434346
2018,Norway,8.372,8.333596246031751
2019,Norway,8.016,8.091414875
2020,Norway,7.673,7.847344035714285
2021,Norway,7.592,7.715342636363635
2022,Norway,7.483,7.560518253968252
2011,Oman,18.625,18.573924811147187
2012,Oman,17.791,18.358486228896112
2013,Oman,17.107,18.05095103733767
2014,Oman,16.537,16.931454366522363
2015,Oman,16.221,16.4898367833694
2016,Oman,15.086,16.06499059433622
2017,Oman,14.622,15.591389951479075
2018,Oman,15.372,14.733170581349192
2019,Oman,15.69,16.072697840728708
2020,Oman,15.886,16.56377260624098
2021,Oman,16.674,17.050053042748917
2022,Oman,16.488,16.911367297619048
2011,Pakistan,0.734,0.7443549062049059
2012,Pakistan,0.725,0.7243187265512263
2013,Pakistan,0.702,0.7096524031385278
2014,Pakistan,0.704,0.7181420000000002
2015,Pakistan,0.667,0.6754511809163062
2016,Pakistan,0.803,0.7730312474747472
2017,Pakistan,0.949,0.9132601309523813
2018,Pakistan,0.897,0.8806153551587299
2019,Pakistan,0.827,0.8394522124819627
2020,Pakistan,0.917,0.9329470535714286
2021,Pakistan,1.017,1.0037449303751793
2022,Pakistan,0.87,0.8764994089105339
2011,Palau,11.742,11.540786657467526
2012,Palau,12.563,12.506310744047626
2013,Palau,12.856,12.752144019841257
2014,Palau,12.392,12.280498137210015
2015,Palau,11.327,11.581733450036074
2016,Palau,11.717,11.979246597582978
2017,Palau,12.119,12.021490164141419
2018,Palau,11.91,11.790273363095242
2019,Palau,12.13,12.395921450396827
2020,Palau,11.722,11.744828791666674
2021,Palau,11.933,12.167828498376629
2022,Palau,12.215,12.30856510389611
2011,Panama,2.68,2.6296606230158743
2012,Panama,2.538,2.7859533064574307
2013,Panama,2.686,2.849792439033189
2014,Panama,2.746,2.835959762626262
2015,Panama,2.69,2.832782494588743
2016,Panama,2.565,2.81040320544733
2017,Panama,2.334,2.3373667207792215
2018,Panama,2.188,2.2521394325396837
2019,Panama,2.94,2.5695665476190483
2020,Panama,1.527,1.7424429702380946
2021,Panama,2.335,2.2370112142857144
2022,Panama,2.66,2.2689220405844157
2011,Paraguay,0.893,0.8801146046176049
2012,Paraguay,0.875,0.8797539484126985
2013,Paraguay,0.864,0.8841016190476193
2014,Paraguay,0.898,0.9029647103174606
2015,Paraguay,0.982,0.9808860955988453
2016,Paraguay,1.15,1.1245559186507936
2017,Paraguay,1.253,1.216124493894994
2018,Paraguay,1.323,1.330303905122655
2019,Paraguay,1.269,1.2906635811688316
2020,Paraguay,1.127,1.1868831794733041
2021,Paraguay,1.225,1.277253702380953
2022,Paraguay,1.114,1.0962762718253964
2011,Peru,1.444,1.429456009379509
2012,Peru,1.54,1.5488604379509385
2013,Peru,1.433,1.4598401457431456
2014,Peru,1.64,1.6331001226689974
2015,Peru,1.615,1.5451560634920642
2016,Peru,1.707,1.7337998511904769
2017,Peru,1.747,1.7452286529304033
2018,Peru,1.756,1.7823913492063495
2019,Peru,1.808,1.8130006845238098
2020,Peru,1.438,1.4967141686507932
2021,Peru,1.808,1.8312610732323238
2022,Peru,1.935,1.886749742063493
2011,Philippines,0.845,0.8400133214285717
2012,Philippines,0.873,0.8680889361471865
2013,Philippines,0.929,0.9233180396825401
2014,Philippines,0.964,0.950904146825397
2015,Philippines,1.054,1.0308538710317456
2016,Philippines,1.126,1.1209768446969701
2017,Philippines,1.235,1.1990223095238097
2018,Philippines,1.278,1.2765386388888895
2019,Philippines,1.287,1.310221421897547
2020,Philippines,1.173,1.1961536437590181
2021,Philippines,1.24,1.2846200416666667
2022,Philippines,1.325,1.3298326507936509
2011,Poland,8.726,8.61250963888888
2012,Poland,8.518,8.612216017857138
2013,Poland,8.41,8.406505585497838
2014,Poland,8.086,8.179692658882786
2015,Poland,8.168,8.201781258658002
2016,Poland,8.449,8.37412424098124
2017,Poland,8.796,8.691871871212124
2018,Poland,8.779,8.749919527777772
2019,Poland,8.304,8.37050926388889
2020,Poland,7.914,8.07936985531136
2021,Poland,8.693,8.700584426587296
2022,Poland,8.203,8.12114907969808
2011,Portugal,4.905,5.026377743686869
2012,Portugal,4.749,4.7160944868326125
2013,Portugal,4.604,4.612212470959597
2014,Portugal,4.607,4.696269390873011
2015,Portugal,5.037,4.9530890768398255
2016,Portugal,4.863,4.7540638373015875
2017,Portugal,5.34,5.212049096861474
2018,Portugal,4.972,4.891627863247863
2019,Portugal,4.6,4.6740707308802305
2020,Portugal,4.025,4.144951081890335
2021,Portugal,3.878,3.894976819444445
2022,Portugal,3.909,3.9583425584554317
2011,Qatar,45.175,41.774722692460315
2012,Qatar,49.152,42.51499375122099
2013,Qatar,44.982,45.067611086538484
2014,Qatar,41.31,42.691994931776556
2015,Qatar,38.441,41.48414926907813
2016,Qatar,35.154,37.9851991559829
2017,Qatar,39.035,37.69458125518925
2018,Qatar,37.166,37.58155258134917
2019,Qatar,36.252,37.43529245757019
2020,Qatar,36.145,37.54412474923686
2021,Qatar,37.082,37.609449392094
2022,Qatar,37.89,37.15584547222221
2011,Romania,4.555,4.464800255050505
2012,Romania,4.457,4.405160946428569
2013,Romania,3.927,4.112610228896106
2014,Romania,3.973,4.043348162698411
2015,Romania,3.928,3.9452037559523814
2016,Romania,3.873,3.9522403194444427
2017,Romania,4.034,4.0432356854395595
2018,Romania,4.076,4.063210597041847
2019,Romania,3.933,3.9433983432539668
2020,Romania,3.813,3.901953575396825
2021,Romania,4.026,4.039949091269842
2022,Romania,3.818,3.8573110436507965
2011,Rwanda,0.061,0.0592694007936508
2012,Rwanda,0.066,0.06664686507936511
2013,Rwanda,0.07,0.06932752110389613
2014,Rwanda,0.073,0.07152816504329002
2015,Rwanda,0.083,0.08180174621212123
2016,Rwanda,0.088,0.08800365476190476
2017,Rwanda,0.096,0.09399684920634922
2018,Rwanda,0.105,0.10250096825396832
2019,Rwanda,0.111,0.11270830860805864
2020,Rwanda,0.107,0.11207867170329677
2021,Rwanda,0.127,0.12041901928626933
2022,Rwanda,0.143,0.143690064935065
2011,Samoa,0.978,0.9457740425685427
2012,Samoa,0.97,0.9717855634920634
2013,Samoa,0.961,0.9597816726190471
2014,Samoa,1.007,1.0113247638888883
2015,Samoa,1.126,1.1277553434343437
2016,Samoa,1.17,1.1562375279581525
2017,Samoa,1.142,1.1211011686507941
2018,Samoa,1.13,1.138669307539683
2019,Samoa,1.24,1.2200067487373736
2020,Samoa,1.106,1.099069786976912
2021,Samoa,1.251,1.3308748571428577
2022,Samoa,1.096,1.0883224206349211
2011,Sao Tome and Principe,0.533,0.5609249117965366
2012,Sao Tome and Principe,0.58,0.5810956269841274
2013,Sao Tome and Principe,0.569,0.5667435333694083
2014,Sao Tome and Principe,0.652,0.6428746906565657
2015,Sao Tome and Principe,0.677,0.6721183317099569
2016,Sao Tome and Principe,0.719,0.7080913582251083
2017,Sao Tome and Principe,0.673,0.6697537523448776
2018,Sao Tome and Principe,0.662,0.6811086293290045
2019,Sao Tome and Principe,0.687,0.6765536383477638
2020,Sao Tome and Principe,0.657,0.6484104246031747
2021,Sao Tome and Principe,0.644,0.6614038492063498
2022,Sao Tome and Principe,0.599,0.6290500932539682
2011,Saudi Arabia,20.694,21.434914170634926
2012,Saudi Arabia,22.382,21.492293186507936
2013,Saudi Arabia,20.808,20.66912099404762
2014,Saudi Arabia,20.177,21.450421952380957
2015,Saudi Arabia,20.836,20.770505160714283
2016,Saudi Arabia,20.873,20.502489954365092
2017,Saudi Arabia,20.937,20.473179876984126
2018,Saudi Arabia,21.479,20.966471093253972
2019,Saudi Arabia,23.245,21.434964938492058
2020,Saudi Arabia,21.089,21.091501998321117
2021,Saudi Arabia,22.197,21.355930926587295
2022,Saudi Arabia,20.73,20.63100927777778
2011,Senegal,0.603,0.5547528928571432
2012,Senegal,0.553,0.5796901504329004
2013,Senegal,0.573,0.5795534857503614
2014,Senegal,0.616,0.5983640950577204
2015,Senegal,0.675,0.6634558273809529
2016,Senegal,0.666,0.6608435932539681
2017,Senegal,0.695,0.6971705629509382
2018,Senegal,0.712,0.7048696022727274
2019,Senegal,0.777,0.7601983129509382
2020,Senegal,0.644,0.668295745976246
2021,Senegal,0.715,0.7425401125541127
2022,Senegal,0.801,0.7703820371572871
2011,Serbia,6.647,6.560921872113997
2012,Serbia,5.975,6.048821738455989
2013,Serbia,6.126,6.282618297619048
2014,Serbia,5.165,5.303498394841269
2015,Serbia,6.116,6.068538833333334
2016,Serbia,6.342,6.1992884839466065
2017,Serbia,6.457,6.445996938852812
2018,Serbia,6.336,6.327842439574315
2019,Serbia,6.38,6.31546954274892
2020,Serbia,6.566,6.534609884920634
2021,Serbia,6.42,6.465879404761904
2022,Serbia,6.547,6.540258646825396
2011,Seychelles,4.153,4.190030456349208
2012,Seychelles,4.195,4.406918579906206
2013,Seychelles,4.055,4.00039031746032
2014,Seychelles,4.376,4.344665441017313
2015,Seychelles,4.646,4.523749960317458
2016,Seychelles,5.037,5.009154711580088
2017,Seychelles,5.116,5.093740963383838
2018,Seychelles,5.191,5.222654322330449
2019,Seychelles,5.014,5.0619132557442565
2020,Seychelles,4.965,4.9927565198412704
2021,Seychelles,4.975,4.977601464285714
2022,Seychelles,5.01,5.002958386904762
2011,Singapore,9.069,8.983901857142856
2012,Singapore,8.709,8.73329098015873
2013,Singapore,8.727,8.866104433802304
2014,Singapore,8.721,8.712130739357862
2015,Singapore,8.941,8.94752532467532
2016,Singapore,8.803,8.811131521825393
2017,Singapore,8.94,8.942377856421354
2018,Singapore,8.927,8.921440229437227
2019,Singapore,8.643,8.712543634920632
2020,Singapore,8.309,8.440532706349204
2021,Singapore,9.033,8.976755845238095
2022,Singapore,8.661,8.553473779761907
2011,Slovenia,7.987,7.949586170274168
2012,Slovenia,7.678,7.750699127525252
2013,Slovenia,7.361,7.44341758387446
2014,Slovenia,6.592,6.811800545634921
2015,Slovenia,6.631,6.708931836399713
2016,Slovenia,7.019,6.934848488095239
2017,Slovenia,7.097,6.999421944444444
2018,Slovenia,7.037,7.1239254541847075
2019,Slovenia,6.745,6.816653291305915
2020,Slovenia,6.123,6.316576219336222
2021,Slovenia,6.187,6.180518963744592
2022,Slovenia,6.017,6.036314881313133
2011,Solomon Islands,0.629,0.6430046527777782
2012,Solomon Islands,0.6,0.6058656991341994
2013,Solomon Islands,0.634,0.6267014980158732
2014,Solomon Islands,0.535,0.5794321161616164
2015,Solomon Islands,0.464,0.5297856859668112
2016,Solomon Islands,0.443,0.4847868694083692
2017,Solomon Islands,0.422,0.42133491269841267
2018,Solomon Islands,0.413,0.424701259920635
2019,Solomon Islands,0.408,0.4189501527777779
2020,Solomon Islands,0.394,0.39559039430014453
2021,Solomon Islands,0.38,0.389412840728716
2022,Solomon Islands,0.362,0.3632648618326118
2011,South Africa,8.949,9.028988614898989
2012,South Africa,8.58,8.643066160714286
2013,South Africa,8.343,8.540059509920631
2014,South Africa,8.663,8.57748064664503
2015,South Africa,8.065,8.107052668983794
2016,South Africa,7.982,8.066615007936502
2017,South Africa,7.634,7.6424049861111065
2018,South Africa,7.742,7.858341973124097
2019,South Africa,7.9,7.907051098665222
2020,South Africa,7.188,7.139538107864353
2021,South Africa,7.145,7.451502944444445
2022,South Africa,6.874,6.990643408730166
2011,South Sudan,0.12,0.13082866919191927
2012,South Sudan,0.124,0.13195111904761903
2013,South Sudan,0.129,0.13209935714285712
2014,South Sudan,0.133,0.13466248015873014
2015,South Sudan,0.172,0.15795694444444444
2016,South Sudan,0.157,0.143453759920635
2017,South Sudan,0.142,0.14482379761904768
2018,South Sudan,0.172,0.15797692658730164
2019,South Sudan,0.17,0.15640024404761912
2020,South Sudan,0.16,0.15496133676046178
2021,South Sudan,0.16,0.16148211636974139
2022,South Sudan,0.148,0.14290884866522371
2011,Spain,6.027,6.043668836038961
2012,Spain,5.901,5.920454940115441
2013,Spain,5.38,5.444768294552667
2014,Spain,5.429,5.50532959126984
2015,Spain,5.789,5.753851025613277
2016,Spain,5.554,5.5216958611111115
2017,Spain,5.835,5.86539419426407
2018,Spain,5.702,5.685760558441558
2019,Spain,5.285,5.21341649206349
2020,Spain,4.441,4.583845002705628
2021,Spain,4.793,5.043311904761906
2022,Spain,4.897,4.828702083333329
2011,Sri Lanka,0.689,0.6785552622655124
2012,Sri Lanka,0.727,0.7027667817460314
2013,Sri Lanka,0.662,0.6845800555555561
2014,Sri Lanka,0.792,0.772614533189033
2015,Sri Lanka,0.883,0.8808798154761908
2016,Sri Lanka,1.02,1.003647227994228
2017,Sri Lanka,1.004,0.9863287003968249
2018,Sri Lanka,0.905,0.9454746424963922
2019,Sri Lanka,0.942,0.9732558623737374
2020,Sri Lanka,0.905,0.9047733170995665
2021,Sri Lanka,0.917,0.9196221980519481
2022,Sri Lanka,0.805,0.8174928988095239
2011,Sudan,0.407,0.4197329007936507
2012,Sudan,0.427,0.43827176280663754
2013,Sudan,0.46,0.4483894969336218
2014,Sudan,0.337,0.3634428712121212
2015,Sudan,0.356,0.38816146825396813
2016,Sudan,0.478,0.4214744402958154
2017,Sudan,0.475,0.4313792916666666
2018,Sudan,0.464,0.48902774765512264
2019,Sudan,0.483,0.5003895476190475
2020,Sudan,0.423,0.4841143497474745
2021,Sudan,0.4,0.41307183730158725
2022,Sudan,0.355,0.37656480212842725
2011,Suriname,4.958,4.668101787698411
2012,Suriname,4.432,4.3896757878787875
2013,Suriname,5.538,5.610944571428572
2014,Suriname,5.563,5.326186336580083
2015,Suriname,4.666,4.690347705086581
2016,Suriname,4.957,5.209571232142857
2017,Suriname,4.093,4.286545680735932
2018,Suriname,3.491,3.521056942460317
2019,Suriname,4.345,4.3122929365079345
2020,Suriname,4.772,4.466067805555551
2021,Suriname,4.284,4.2821587974386714
2022,Suriname,4.537,4.7132310793650785
2011,Sweden,5.198,5.0994606011904775
2012,Sweden,4.896,5.108739309523811
2013,Sweden,4.698,4.690004893578645
2014,Sweden,4.474,4.463865931277057
2015,Sweden,4.42,4.563093337121211
2016,Sweden,4.364,4.468604114718615
2017,Sweden,4.211,4.210367291847042
2018,Sweden,4.113,4.2283593120490615
2019,Sweden,3.967,3.960849194444444
2020,Sweden,3.537,3.696124220238096
2021,Sweden,3.703,3.7217337281746037
2022,Sweden,3.465,3.4660529841269847
2011,Switzerland,5.177,5.137802367063491
2012,Switzerland,5.281,5.375680206349205
2013,Switzerland,5.337,5.3515385728715765
2014,Switzerland,4.792,4.933061119921747
2015,Switzerland,4.678,4.7647709213564235
2016,Switzerland,4.684,4.720965101190473
2017,Switzerland,4.523,4.485498766594518
2018,Switzerland,4.338,4.298048731962482
2019,Switzerland,4.293,4.383395468253966
2020,Switzerland,3.975,3.962148527958152
2021,Switzerland,4.123,4.153478714285714
2022,Switzerland,3.748,3.8207925158730167
2011,Tajikistan,0.299,0.30795684000721496
2012,Tajikistan,0.366,0.365116213924964
2013,Tajikistan,0.354,0.3426339233405485
2014,Tajikistan,0.547,0.4674222440476191
2015,Tajikistan,0.614,0.5369557539682542
2016,Tajikistan,0.679,0.6578875773809524
2017,Tajikistan,0.757,0.7221060972222222
2018,Tajikistan,0.868,0.8431859880952379
2019,Tajikistan,0.914,0.8874355916305919
2020,Tajikistan,0.967,0.9648154262265513
2021,Tajikistan,0.942,0.9309951369047624
2022,Tajikistan,1.033,1.0171316051587294
2011,Tanzania,0.183,0.16801910606060602
2012,Tanzania,0.219,0.20741745238095258
2013,Tanzania,0.23,0.2203335674603175
2014,Tanzania,0.218,0.22369089285714278
2015,Tanzania,0.246,0.2509567453102455
2016,Tanzania,0.251,0.24716599999999997
2017,Tanzania,0.243,0.24563887103174598
2018,Tanzania,0.248,0.24716353373015867
2019,Tanzania,0.274,0.2677982400793651
2020,Tanzania,0.262,0.27237319444444447
2021,Tanzania,0.281,0.28556253751803756
2022,Tanzania,0.304,0.3002792848124099
2011,Thailand,3.549,3.5193065634920653
2012,Thailand,3.778,3.751139135101008
2013,Thailand,3.776,3.6906360072150064
2014,Thailand,3.881,3.853070529761906
2015,Thailand,3.928,3.9627528560744816
2016,Thailand,4.009,4.003673075216451
2017,Thailand,3.982,3.991161043650795
2018,Thailand,4.039,4.038061708152959
2019,Thailand,3.941,3.988587406746033
2020,Thailand,3.796,3.890080589285713
2021,Thailand,3.724,3.7565299841269835
2022,Thailand,3.8,3.7827941547619024
2011,Togo,0.362,0.36421084758297256
2012,Togo,0.312,0.32641077579365096
2013,Togo,0.224,0.26743374801587316
2014,Togo,0.199,0.22562653174603167
2015,Togo,0.235,0.23251491792929307
2016,Togo,0.292,0.2628199278499281
2017,Togo,0.237,0.23088666865079374
2018,Togo,0.246,0.259759386904762
2019,Togo,0.279,0.26831794246031754
2020,Togo,0.317,0.3107577292568543
2021,Togo,0.295,0.2926493968253966
2022,Togo,0.301,0.2989118690476189
2011,Tonga,0.988,1.0267356250000004
2012,Tonga,0.989,1.0249224281829281
2013,Tonga,1.026,1.0232839543650798
2014,Tonga,0.997,0.9884738412698407
2015,Tonga,1.001,1.0136948611111112
2016,Tonga,1.319,1.2198258115356868
2017,Tonga,1.356,1.318207492063493
2018,Tonga,1.249,1.2707994671717162
2019,Tonga,1.525,1.4773931518620267
2020,Tonga,1.317,1.3424464107142855
2021,Tonga,1.32,1.3809252956349203
2022,Tonga,1.395,1.392747562950938
2011,Trinidad and Tobago,33.723,33.237088123015894
2012,Trinidad and Tobago,32.881,33.93538747186147
2013,Trinidad and Tobago,32.421,33.441691668290034
2014,Trinidad and Tobago,32.978,33.594133325036076
2015,Trinidad and Tobago,31.86,32.940638759559874
2016,Trinidad and Tobago,27.743,28.569879517857125
2017,Trinidad and Tobago,27.882,29.4504858809524
2018,Trinidad and Tobago,27.41,28.522697285714294
2019,Trinidad and Tobago,27.446,28.586080253968266
2020,Trinidad and Tobago,23.661,24.59609466341992
2021,Trinidad and Tobago,24.46,25.217595020562772
2022,Trinidad and Tobago,25.063,25.10655737680375
2011,Tunisia,2.428,2.419638337842713
2012,Tunisia,2.561,2.5161932976190484
2013,Tunisia,2.583,2.5104095575396825
2014,Tunisia,2.65,2.820298937049062
2015,Tunisia,2.752,2.8361991924186922
2016,Tunisia,2.686,2.8372628636363624
2017,Tunisia,2.719,2.8552221192279945
2018,Tunisia,2.645,2.8005294276695514
2019,Tunisia,2.575,2.811344076298701
2020,Tunisia,2.409,2.414763242604618
2021,Tunisia,2.617,2.520184402777778
2022,Tunisia,2.54,2.496745579906204
2011,Turkmenistan,11.464,11.122733522588526
2012,Turkmenistan,11.524,11.296498993506496
2013,Turkmenistan,10.833,10.728079136183267
2014,Turkmenistan,10.337,10.443079704365076
2015,Turkmenistan,10.15,10.330728375000001
2016,Turkmenistan,9.763,9.967874535714282
2017,Turkmenistan,9.675,9.750066888888888
2018,Turkmenistan,9.211,9.264722438492061
2019,Turkmenistan,9.15,9.274637536435787
2020,Turkmenistan,9.051,9.100280235930738
2021,Turkmenistan,12.929,10.906681765331887
2022,Turkmenistan,14.116,13.076466081349206
2011,Uganda,0.115,0.1146928715589966
2012,Uganda,0.106,0.11291530409867921
2013,Uganda,0.106,0.11203453227328236
2014,Uganda,0.112,0.11459871679709188
2015,Uganda,0.121,0.11938830175380183
2016,Uganda,0.124,0.11958343001443011
2017,Uganda,0.135,0.1394297104978355
2018,Uganda,0.133,0.1368863214285714
2019,Uganda,0.134,0.13620176334776338
2020,Uganda,0.125,0.13401192857142857
2021,Uganda,0.136,0.13885512175324677
2022,Uganda,0.13,0.13526620292207786
2011,Ukraine,6.659,6.560250394841269
2012,Ukraine,6.588,6.51695584523809
2013,Ukraine,6.45,6.473757509920635
2014,Ukraine,5.606,5.774758192460317
2015,Ukraine,4.889,4.838883654761903
2016,Ukraine,5.132,5.40628937301587
2017,Ukraine,4.914,4.810663146825398
2018,Ukraine,5.13,5.170959652777781
2019,Ukraine,4.942,4.864393581349208
2020,Ukraine,4.635,4.6658004801587305
2021,Ukraine,4.755,4.8135524042207765
2022,Ukraine,3.485,3.956872671897549
2011,United Arab Emirates,27.574,25.673970571428587
2012,United Arab Emirates,27.787,27.314823376984137
2013,United Arab Emirates,27.348,28.71535556349206
2014,United Arab Emirates,26.045,24.3694565
2015,United Arab Emirates,25.943,25.229597992063486
2016,United Arab Emirates,25.235,25.168858460317452
2017,United Arab Emirates,21.279,23.30152391895604
2018,United Arab Emirates,21.837,23.44714265873016
2019,United Arab Emirates,21.76,23.158375412698405
2020,United Arab Emirates,22.783,22.47985380952381
2021,United Arab Emirates,21.675,22.716905291666666
2022,United Arab Emirates,20.221,21.975709450396835
2011,United Kingdom,7.396,7.221972329365077
2012,United Kingdom,7.622,7.846641352092348
2013,United Kingdom,7.418,7.395783966269839
2014,United Kingdom,6.765,7.005129601911974
2015,United Kingdom,6.461,6.586639882034629
2016,United Kingdom,6.062,6.0998571572871585
2017,United Kingdom,5.838,5.889624469877345
2018,United Kingdom,5.689,5.72717309613997
2019,United Kingdom,5.435,5.484461944444445
2020,United Kingdom,4.844,4.894477607864356
2021,United Kingdom,5.059,5.3477757813852795
2022,United Kingdom,4.563,4.589963914682541
2011,United States,17.634,17.87139018326119
2012,United States,16.812,17.27190558477633
2013,United States,17.099,17.21678941215729
2014,United States,17.119,16.794949486111115
2015,United States,16.461,16.79869770995671
2016,United States,15.935,16.44873099368687
2017,United States,15.639,16.317574278860025
2018,United States,16.001,16.61266544949494
2019,United States,15.5,16.452885844336215
2020,United States,13.817,14.222828465367973
2021,United States,14.758,14.515424480158716
2022,United States,14.802,13.983830259379506
2011,Uruguay,2.31,2.3706876765873015
2012,Uruguay,2.58,2.42952670923521
2013,Uruguay,2.239,2.327685300144301
2014,Uruguay,1.991,2.1001898531746037
2015,Uruguay,2.001,2.0129178194444433
2016,Uruguay,1.93,1.9086105416666663
2017,Uruguay,1.815,1.8352053908730155
2018,Uruguay,1.936,1.9358993001443006
2019,Uruguay,1.886,1.8475635982905976
2020,Uruguay,1.906,1.8795522242063478
2021,Uruguay,2.305,2.215343575396824
2022,Uruguay,2.212,2.196850253968255
2011,Uzbekistan,4.051,4.050558831349209
2012,Uzbekistan,4.062,4.011495497835499
2013,Uzbekistan,3.781,3.8278171011904747
2014,Uzbekistan,3.557,3.5251092718253974
2015,Uzbekistan,3.362,3.4120599543650796
2016,Uzbekistan,3.511,3.56704521230159
2017,Uzbekistan,3.422,3.3879074023892777
2018,Uzbekistan,3.161,3.2001291839826855
2019,Uzbekistan,3.275,3.3469716691919205
2020,Uzbekistan,3.22,3.18798368001443
2021,Uzbekistan,3.597,3.582809361111112
2022,Uzbekistan,3.409,3.3055134092712852
2011,Vanuatu,0.542,0.5485935833333336
2012,Vanuatu,0.471,0.4895234220779217
2013,Vanuatu,0.432,0.48373450036075
2014,Vanuatu,0.605,0.553470297619048
2015,Vanuatu,0.496,0.49808081782106767
2016,Vanuatu,0.552,0.5956902261904765
2017,Vanuatu,0.5,0.49304176731601707
2018,Vanuatu,0.617,0.6267049761904765
2019,Vanuatu,0.565,0.5708979769119769
2020,Vanuatu,0.687,0.6818266666666669
2021,Vanuatu,0.707,0.687332240079365
2022,Vanuatu,0.605,0.6271639047619048
2011,Zambia,0.234,0.22787348015873016
2012,Zambia,0.28,0.2608013353174604
2013,Zambia,0.287,0.28319225396825404
2014,Zambia,0.332,0.32145592857142846
2015,Zambia,0.337,0.32242240458152954
2016,Zambia,0.353,0.3564476498778999
2017,Zambia,0.428,0.4074836129148632
2018,Zambia,0.482,0.45598061507936516
2019,Zambia,0.478,0.4938222876984124
2020,Zambia,0.524,0.5218543829365082
2021,Zambia,0.477,0.49613117604617585
2022,Zambia,0.543,0.5337353511904762
2011,Zimbabwe,0.762,0.7152751948051949
2012,Zimbabwe,0.815,0.7995515198412696
2013,Zimbabwe,0.833,0.8278157216810962
2014,Zimbabwe,0.841,0.8380839471500721
2015,Zimbabwe,0.835,0.8385865862193369
2016,Zimbabwe,0.725,0.7438548257020758
2017,Zimbabwe,0.664,0.706547714590965
2018,Zimbabwe,0.746,0.7582724657287154
2019,Zimbabwe,0.672,0.6856036209762465
2020,Zimbabwe,0.547,0.6201733571428569
2021,Zimbabwe,0.647,0.680775003968254
2022,Zimbabwe,0.761,0.7005763416305918
